min_amount,max_amount,avg_amount,stddev_amount
534.03,4973.63,2756.249250,1294.8759275633086
