treatment_type,number_of_treatments,avg_cost,min_cost,max_cost
MRI,36,3224.948889,662.72,4966.18
Physiotherapy,36,2761.613889,956.39,4846.20
X-Ray,41,2698.870000,806.78,4973.63
Chemotherapy,49,2629.707755,534.03,4964.71
ECG,38,2532.216842,582.05,4960.65
