min_cost,max_cost,avg_cost,stddev_cost
534.03,4973.63,2756.249250,1294.8759275633086
